date,p_18k,s_silver,p_silver,s_pure,s_18k,p_pure,s_white,s_14k,p_white,p_14k
2025-05-15 09:37:11,394000,6390,5090,624000,458640,536000,191000,355679,157000,305600
2025-05-15 09:57:54,392500,6390,5090,624000,458640,534000,191000,355679,157000,304400
2025-05-15 10:52:09,390300,6390,5090,624000,458640,531000,191000,355679,157000,302700
2025-05-15 11:32:40,387400,6350,5050,619000,454965,527000,192000,352829,157000,300400
2025-05-15 12:01:41,384500,6350,5050,619000,454965,523000,192000,352829,157000,298200
2025-05-16 09:45:02,393300,6440,5130,632000,464520,535000,192000,360239,158000,305000
2025-05-17 08:22:33,392500,6390,5090,626000,460110,534000,192000,356819,158000,304400
2025-05-19 09:43:21,394700,6440,5120,635000,466725,537000,193000,361949,158000,306100
2025-05-20 09:48:30,394000,6380,5070,627000,460845,536000,193000,357389,158000,305600
2025-05-20 16:02:26,393300,6380,5070,627000,460845,535000,193000,357389,158000,305000
2025-05-21 09:44:59,397700,6520,5190,641000,471135,541000,203000,365369,166000,308400
2025-05-21 15:39:48,399200,6510,5180,643000,472605,543000,200000,366509,164000,309600
2025-05-22 09:51:11,400600,6530,5200,640000,470400,545000,205000,364799,168000,310700
2025-05-22 10:47:25,400600,6540,5200,643000,472605,545000,206000,366509,169000,310700
2025-05-23 09:43:08,399200,6460,5140,637000,468195,543000,207000,363089,170000,309600
2025-05-23 09:58:11,396900,6460,5140,637000,468195,540000,207000,363089,170000,307800
2025-05-23 15:18:41,396900,6460,5140,639000,469665,540000,208000,364229,171000,307800
2025-05-24 08:44:07,399200,6480,5150,641000,471135,543000,207000,365369,170000,309600
2025-05-26 09:41:34,397700,6470,5150,638000,468930,541000,208000,363659,171000,308400
2025-05-27 09:45:12,399900,6480,5160,640000,470400,544000,205000,364799,169000,310100
2025-05-27 14:57:17,396900,6480,5160,640000,470400,540000,205000,364799,169000,307800
2025-05-28 09:43:53,396200,6450,5130,634000,465990,539000,206000,361379,169000,307300
2025-05-29 09:48:23,393300,6450,5130,630000,463050,535000,206000,359099,169000,305000
2025-05-30 09:46:26,396200,6460,5140,636000,467460,539000,206000,362519,169000,307300
2025-05-31 08:13:54,396200,6460,5140,636000,467460,539000,203000,362519,166000,307300
2025-06-02 09:44:32,396900,6450,5130,637000,468195,540000,201000,363089,165000,307800
2025-06-02 15:31:48,396900,6460,5140,641000,471135,540000,200000,365369,164000,307800
2025-06-02 16:17:23,396900,6480,5160,644000,473340,540000,200000,367079,164000,307800
2025-06-03 09:45:00,401400,6750,5370,650000,477750,546000,203000,370499,167000,311300
2025-06-04 09:43:55,401400,6730,5350,644000,473340,546000,205000,367079,169000,311300
2025-06-04 11:09:10,401400,6710,5340,646000,474810,546000,206000,368219,169000,311300
2025-06-04 15:51:17,399900,6710,5340,646000,474810,544000,206000,368219,169000,310100
2025-06-05 09:43:05,399900,6640,5280,642000,471870,544000,206000,365939,169000,310100
2025-06-05 11:52:53,398400,6640,5280,642000,471870,542000,206000,365939,169000,309000
2025-06-06 09:45:33,396900,6860,5450,637000,468195,540000,214000,363089,176000,307800
2025-06-06 14:09:54,396900,6940,5520,640000,470400,540000,217000,364799,178000,307800
2025-06-07 09:00:49,392500,6930,5510,629000,462315,534000,221000,358529,181000,304400
2025-06-09 09:42:51,392500,6940,5520,629000,462315,534000,220000,358529,181000,304400
2025-06-09 11:10:01,390300,6940,5520,629000,462315,531000,220000,358529,180000,302700
2025-06-09 13:43:17,391800,6940,5520,629000,462315,533000,220000,358529,180000,303900
2025-06-10 09:43:22,394700,7030,5590,628000,461580,537000,228000,357959,187000,306100
2025-06-10 14:15:37,394700,7050,5610,630000,463050,537000,230000,359099,189000,306100
2025-06-10 15:27:48,395500,7050,5610,633000,465255,538000,229000,360809,188000,306700
2025-06-11 09:46:51,396200,7050,5610,635000,466725,539000,230000,361949,189000,307300
2025-06-11 11:18:02,398400,7100,5650,639000,469665,542000,232000,364229,191000,309000
2025-06-12 09:47:12,399900,7030,5600,644000,473340,544000,240000,367079,197000,310100
2025-06-12 10:51:57,400600,7030,5600,644000,473340,545000,240000,367079,197000,310700
2025-06-12 12:25:28,399900,7030,5600,644000,473340,544000,240000,367079,197000,310100
2025-06-12 16:50:35,397700,6860,5460,635000,466725,541000,235000,361949,193000,308400
2025-06-13 09:45:32,402100,6950,5530,650000,477750,547000,241000,370499,198000,311800
2025-06-13 09:47:15,402100,6980,5550,651000,478485,547000,241000,371069,198000,311800
2025-06-13 09:56:21,407200,6980,5550,651000,478485,554000,241000,371069,198000,315800
2025-06-13 10:03:19,402100,6980,5550,651000,478485,547000,241000,371069,198000,311800
2025-06-13 11:32:57,402100,7060,5610,655000,481425,547000,244000,373349,201000,311800
2025-06-13 11:59:11,405000,7060,5610,655000,481425,551000,244000,373349,201000,314100
2025-06-13 13:40:28,405000,7030,5590,657000,482895,551000,244000,374489,201000,314100
2025-06-14 08:45:43,405000,7020,5590,655000,481425,551000,232000,373349,191000,314100
2025-06-16 09:43:48,406500,7000,5570,657000,482895,553000,232000,374489,191000,315300
2025-06-16 15:05:03,405800,7000,5570,650000,477750,552000,233000,370499,191000,314700
2025-06-17 09:41:09,405800,7000,5570,646000,474810,552000,234000,368219,192000,314700
2025-06-17 10:00:40,404300,7000,5570,646000,474810,550000,234000,368219,192000,313500
2025-06-17 12:25:50,403600,7000,5570,646000,474810,549000,234000,368219,192000,313000
2025-06-18 09:44:48,405800,7230,5750,651000,478485,552000,240000,371069,198000,314700
2025-06-18 11:37:49,403600,7230,5750,651000,478485,549000,240000,371069,198000,313000
2025-06-19 09:44:09,405000,7160,5690,650000,477750,551000,254000,370499,209000,314100
2025-06-19 10:26:45,405000,7170,5700,652000,479220,551000,256000,371639,210000,314100
2025-06-19 15:17:55,402800,7170,5700,652000,479220,548000,256000,371639,210000,312400
2025-06-20 09:44:08,402800,7050,5610,644000,473340,548000,246000,367079,202000,312400
2025-06-20 12:18:50,399200,7050,5610,644000,473340,543000,246000,367079,202000,309600
2025-06-20 13:52:59,399200,6920,5510,642000,471870,543000,244000,365939,200000,309600
2025-06-21 08:25:03,401400,6990,5560,646000,474810,546000,241000,368219,198000,311300
2025-06-23 09:49:45,401400,7040,5600,649000,477015,546000,241000,369929,198000,311300
2025-06-23 09:50:21,404300,7040,5600,649000,477015,550000,241000,369929,198000,313500
2025-06-24 09:45:24,400600,6950,5530,639000,469665,545000,244000,364229,201000,310700
2025-06-24 14:46:17,398400,6950,5530,639000,469665,542000,244000,364229,201000,309000
2025-06-24 15:29:06,396900,6920,5510,631000,463785,540000,242000,359669,199000,307800
2025-06-24 17:03:47,396900,6960,5530,633000,465255,540000,246000,360809,202000,307800
2025-06-25 09:46:31,395500,6910,5490,631000,463785,538000,247000,359669,203000,306700
2025-06-25 10:54:51,396900,6910,5500,633000,465255,540000,248000,360809,204000,307800
2025-06-25 16:54:03,399900,6940,5520,634000,465990,544000,248000,361379,204000,310100
2025-06-26 10:22:51,399900,6990,5560,633000,465255,544000,257000,360809,211000,310100
2025-06-27 09:57:24,397700,7020,5590,628000,461580,541000,267000,357959,221000,308400
2025-06-27 12:10:28,395500,7020,5590,628000,461580,538000,267000,357959,221000,306700
2025-06-27 12:18:02,395500,7030,5590,628000,461580,538000,267000,357959,221000,306700
2025-06-27 12:18:20,395500,7020,5590,628000,461580,538000,267000,357959,221000,306700
2025-06-27 13:19:33,393300,7020,5590,628000,461580,535000,267000,357959,221000,305000
2025-06-27 14:09:09,393300,7010,5580,624000,458640,535000,262000,355679,215000,305000
2025-06-28 08:37:32,393300,6950,5530,624000,458640,535000,253000,355679,208000,305000
2025-06-29 11:48:54,393300,6950,5530,624000,458640,535000,253000,355679,208000,305000
2025-06-30 09:49:10,393300,6860,5460,618000,454230,535000,252000,352259,207000,305000
2025-06-30 11:11:11,393300,6890,5480,621000,456435,535000,254000,353969,208000,305000
2025-07-01 10:02:45,396900,6890,5490,624000,458640,540000,254000,355679,209000,307800
2025-07-01 10:32:40,396900,6890,5470,624000,458640,540000,254000,355680,208000,307800
2025-07-01 11:02:09,398400,6870,5470,627000,460845,542000,253000,357389,208000,309000
2025-07-01 17:00:30,398400,6940,5520,631000,463785,542000,251000,359669,206000,309000
2025-07-02 09:43:00,398400,6930,5510,633000,465255,542000,255000,360809,210000,309000
2025-07-03 09:43:35,397700,6980,5550,633000,465255,541000,265000,360809,217000,308400
2025-07-03 12:39:12,397700,7000,5570,636000,467460,541000,264000,362519,217000,308400
2025-07-03 15:15:14,398400,7070,5620,638000,468930,542000,266000,363659,218000,309000
2025-07-04 09:45:01,398400,7100,5650,636000,467460,542000,261000,362519,214000,309000
2025-07-05 08:40:50,398400,7110,5660,635000,466725,542000,263000,361949,216000,309000
2025-07-07 09:43:53,397700,7130,5670,634000,465990,541000,262000,361379,215000,308400
2025-07-08 09:40:50,397700,7130,5670,638000,468930,541000,260000,363659,214000,308400
2025-07-09 09:45:17,397700,7110,5660,634000,465990,541000,258000,361379,213000,308400
2025-07-09 12:02:51,396900,7110,5660,634000,465990,540000,258000,361379,213000,307800
2025-07-10 09:42:56,398400,7060,5620,636000,467460,542000,255000,362519,210000,309000
2025-07-11 09:49:54,399200,7210,5740,640000,470400,543000,258000,364799,212000,309600
2025-07-12 08:13:25,401400,7480,5950,646000,474810,546000,267000,368219,220000,311300
2025-07-14 09:56:35,403600,7510,5970,648000,476280,549000,265000,369359,217000,313000
2025-07-15 09:56:22,403600,7490,5960,647000,475545,549000,262000,368789,216000,313000
2025-07-15 10:46:40,403600,7510,5970,647000,475545,549000,262000,368789,216000,313000
2025-07-15 14:37:02,403600,7510,5970,649000,477015,549000,263000,369929,216000,313000
2025-07-15 14:38:42,403600,7510,5950,649000,477015,549000,263000,369929,216000,313000
2025-07-16 09:45:39,402800,7420,5900,646000,474810,548000,264000,368219,217000,312400
2025-07-16 11:57:23,402100,7420,5900,646000,474810,547000,264000,368219,217000,311800
2025-07-17 09:49:16,402100,7450,5930,649000,477015,547000,273000,369929,225000,311800
2025-07-18 09:44:45,402100,7490,5960,648000,476280,547000,282000,369359,232000,311800
2025-07-18 16:37:26,402100,7530,5990,651000,478485,547000,281000,371069,231000,311800
2025-07-19 08:31:25,403600,7510,5980,651000,478485,549000,274000,371069,225000,313000
2025-07-21 09:47:00,404300,7520,5990,652000,479220,550000,275000,371639,226000,313500
2025-07-21 14:16:24,404300,7530,5990,653000,479955,550000,275000,372209,226000,313500
2025-07-22 09:45:28,406500,7610,6060,657000,482895,553000,277000,374489,228000,315300
2025-07-23 09:54:26,407200,7650,6090,661000,485835,554000,275000,376769,226000,315800
2025-07-24 09:45:32,404300,7630,6070,650000,477750,550000,268000,370499,221000,313500
2025-07-24 11:21:26,402800,7560,6010,646000,474810,548000,266000,368219,219000,312400
2025-07-24 14:47:49,401400,7560,6010,646000,474810,546000,266000,368219,219000,311300
2025-07-25 09:37:11,402800,7580,6030,646000,474810,548000,268000,368219,221000,312400
2025-07-26 08:28:17,402100,7470,5940,645000,474075,547000,269000,367649,221000,311800
2025-07-28 09:47:25,402100,7450,5930,642000,471870,547000,270000,365939,222000,311800
2025-07-28 11:33:40,402100,7470,5940,643000,472605,547000,270000,366509,222000,311800
2025-07-29 09:46:10,401400,7490,5960,643000,472605,546000,269000,366509,221000,311300
2025-07-30 09:45:02,400600,7440,5920,641000,471135,545000,266000,365369,219000,310700
2025-07-30 09:55:07,400600,7460,5930,643000,472605,545000,267000,366509,219000,310700
2025-07-31 09:44:27,400600,7290,5800,638000,468930,545000,252000,363659,207000,310700
2025-07-31 11:33:43,400600,7290,5800,641000,471135,545000,255000,365369,209000,310700
2025-07-31 17:13:16,400600,7270,5790,643000,472605,545000,253000,366509,208000,310700
2025-08-01 09:42:58,399900,7240,5760,642000,471870,544000,250000,365939,206000,310100
2025-08-01 11:59:23,400600,7240,5760,644000,473340,545000,251000,367079,206000,310700
2025-08-02 08:13:56,402800,7280,5790,652000,479220,548000,253000,371639,208000,312400
2025-08-04 09:44:30,402800,7240,5760,650000,477750,548000,252000,370499,207000,312400
2025-08-05 09:44:00,403600,7320,5830,653000,479955,549000,255000,372209,210000,313000
2025-08-05 17:28:40,403600,7370,5870,655000,481425,549000,256000,373349,210000,313000
2025-08-06 09:59:20,404300,7420,5910,656000,482160,550000,252000,373919,207000,313500
2025-08-07 09:44:16,404300,7430,5910,654000,480690,550000,257000,372779,211000,313500
2025-08-08 09:46:01,406500,7480,5950,655000,481425,553000,258000,373349,212000,315300
2025-08-08 12:32:52,406500,7490,5960,657000,482895,553000,258000,374489,212000,315300
2025-08-08 17:07:33,406500,7550,6010,660000,485100,553000,257000,376199,212000,315300
2025-08-09 08:40:48,406500,7530,5990,659000,484365,553000,256000,375629,211000,315300
2025-08-11 09:37:18,406500,7500,5970,657000,482895,553000,254000,374489,209000,315300
2025-08-11 11:48:38,406500,7460,5930,654000,480690,553000,254000,372779,209000,315300
2025-08-12 09:42:34,406500,7430,5910,652000,479220,553000,258000,371639,212000,315300
2025-08-12 10:30:54,405800,7430,5910,652000,479220,552000,258000,371639,212000,314700
2025-08-12 12:26:25,405000,7450,5920,650000,477750,551000,256000,370499,211000,314100
2025-08-13 09:42:14,402800,7410,5890,647000,475545,548000,256000,368789,211000,312400
2025-08-14 09:44:15,404300,7520,5980,649000,477015,550000,256000,369929,211000,313500
2025-08-14 11:28:39,404300,7570,6030,651000,478485,550000,257000,371069,211000,313500
2025-08-14 12:03:40,405000,7570,6030,651000,478485,551000,257000,371069,211000,314100
2025-08-15 09:35:47,402800,7470,5950,648000,476280,548000,261000,369359,214000,312400
2025-08-16 09:01:15,402800,7470,5940,648000,476280,548000,257000,369359,211000,312400
2025-08-18 09:43:41,404300,7460,5930,647000,475545,550000,257000,368789,211000,313500
2025-08-18 14:00:19,405000,7470,5940,649000,477015,551000,257000,369929,212000,314100
2025-08-19 09:42:58,404300,7470,5950,647000,475545,550000,255000,368789,210000,313500
2025-08-20 09:35:01,404300,7380,5870,646000,474810,550000,253000,368219,208000,313500
2025-08-20 12:27:54,404300,7370,5860,648000,476280,550000,254000,369359,209000,313500
2025-08-21 10:07:25,405800,7480,5950,653000,479955,552000,258000,372209,212000,314700
2025-08-22 09:35:57,405800,7530,6000,652000,479220,552000,261000,371639,215000,314700
2025-08-22 12:12:08,404300,7530,6000,652000,479220,550000,261000,371639,215000,313500
2025-08-23 08:39:27,405000,7610,6060,652000,479220,551000,261000,371639,214000,314100
2025-08-25 09:39:00,405800,7630,6070,652000,479220,552000,261000,371639,214000,314700
2025-08-26 09:41:03,408000,7590,6040,655000,481425,555000,259000,373349,213000,316400
2025-08-26 14:12:34,408700,7640,6080,657000,482895,556000,259000,374489,213000,317000
2025-08-26 16:01:35,408700,7650,6090,659000,484365,556000,260000,375629,214000,317000
2025-08-27 09:45:45,411600,7620,6060,661000,485835,560000,261000,376769,214000,319200
2025-08-27 13:44:03,410200,7620,6060,661000,485835,558000,261000,376769,214000,318100
2025-08-28 09:41:33,410200,7590,6040,659000,484365,558000,258000,375629,212000,318100
2025-08-28 13:54:28,409400,7600,6050,659000,484365,557000,259000,375629,213000,317500
2025-08-28 14:15:33,409400,7600,6050,657000,482895,557000,259000,374489,213000,317500
2025-08-29 09:44:20,411600,7640,6080,663000,487305,560000,260000,377909,214000,319200
2025-08-29 16:29:48,411600,7650,6090,664000,488040,560000,260000,378479,214000,319200
2025-08-30 08:27:35,413900,7790,6200,672000,493920,563000,262000,383039,216000,321000
2025-09-01 09:42:08,416100,7840,6240,673000,494655,566000,263000,383609,216000,322700
2025-09-01 11:12:51,416100,7920,6300,677000,497595,566000,266000,385889,219000,322700
2025-09-01 11:21:28,418300,7920,6300,677000,497595,569000,266000,385889,219000,324400
2025-09-01 12:07:48,420500,7950,6320,681000,500535,572000,265000,388169,218000,326100
2025-09-02 09:39:23,421900,8030,6390,683000,502005,574000,273000,389309,224000,327200
2025-09-03 09:36:56,426300,8060,6420,694000,510090,580000,272000,395579,224000,330600
2025-09-04 09:53:54,428600,8100,6440,695000,510825,583000,274000,396149,225000,332400
2025-09-04 12:00:27,427100,8010,6370,690000,507150,581000,272000,393299,224000,331200
2025-09-04 12:01:54,426300,8010,6370,690000,507150,580000,272000,393299,224000,330600
2025-09-05 09:42:12,428600,8020,6380,693000,509355,583000,266000,395009,219000,332400
2025-09-06 07:47:13,430000,8040,6390,696000,511560,585000,263000,396719,217000,333500
2025-09-08 09:49:29,430000,8040,6390,698000,513030,585000,265000,397859,218000,333500
2025-09-08 09:50:06,433000,8040,6390,698000,513030,589000,265000,397859,218000,335800
2025-09-08 16:29:20,433000,8060,6420,700000,514500,589000,269000,398999,221000,335800
2025-09-09 09:44:50,441000,8090,6440,703000,516705,600000,266000,400709,219000,342000
2025-09-09 09:47:52,441000,8090,6440,705000,518175,600000,266000,401849,219000,342000
2025-09-09 11:26:39,441000,8100,6450,707000,519645,600000,267000,402989,220000,342000
2025-09-10 09:46:25,441000,8010,6370,704000,517440,600000,263000,401279,217000,342000
2025-09-10 13:42:23,441000,8050,6400,706000,518910,600000,265000,402419,218000,342000
2025-09-10 16:12:18,441000,8070,6420,707000,519645,600000,265000,402989,218000,342000
2025-09-11 09:47:48,444700,8080,6430,709000,521115,605000,267000,404129,220000,344900
2025-09-12 09:38:12,444700,8130,6470,707000,519645,605000,265000,402989,218000,344900
2025-09-12 10:50:09,444700,8200,6530,709000,521115,605000,266000,404129,219000,344900
2025-09-13 08:45:02,444700,8310,6610,711000,522585,605000,268000,405269,220000,344900
2025-09-15 09:54:04,452100,8290,6600,709000,521115,615000,270000,404129,222000,350600
2025-09-15 13:45:41,455000,8290,6600,709000,521115,619000,270000,404129,222000,352900
2025-09-16 09:53:44,458700,8350,6650,715000,525525,624000,268000,407549,221000,355700
2025-09-16 13:00:15,457200,8310,6620,713000,524055,622000,267000,406409,219000,354600
2025-09-16 13:15:03,457200,8310,6620,713000,524055,622000,267000,406409,219000,354600
2025-09-16 14:42:59,461600,8320,6620,712000,523320,628000,268000,405839,220000,358000
2025-09-16 16:42:32,463100,8330,6630,713000,524055,630000,268000,406409,220000,359100
2025-09-17 09:49:24,463100,8300,6610,714000,524790,630000,266000,406979,219000,359100
2025-09-17 14:00:16,461600,8190,6510,712000,523320,628000,267000,405839,219000,358000
2025-09-17 17:02:16,460900,8140,6480,710000,521850,627000,264000,404699,217000,357400
2025-09-17 17:32:28,460200,8120,6470,709000,521115,626000,264000,404129,217000,356900
2025-09-18 09:45:16,449900,8730,6490,713000,524055,612000,262000,406409,216000,348900
2025-09-18 12:53:43,455700,8690,6460,713000,524055,620000,263000,406409,217000,353400
2025-09-18 14:27:05,463100,8690,6460,713000,524055,630000,263000,406409,217000,359100
2025-09-19 09:50:50,459400,8770,6520,713000,524055,625000,265000,406409,218000,356300
2025-09-19 12:23:04,466800,8870,6590,716000,526260,635000,268000,408119,220000,362000
2025-09-20 09:13:44,468200,9110,6770,725000,532875,637000,272000,413249,223000,363100
2025-09-22 09:27:11,469000,9110,6770,726000,533610,638000,271000,413819,223000,363700
2025-09-22 15:48:26,474100,9220,6850,729000,535815,645000,274000,415529,225000,367700
2025-09-23 09:50:01,481500,9350,6890,737000,541695,655000,273000,420089,225000,373400
2025-09-23 17:25:19,481500,9350,6890,739000,543165,655000,278000,421229,228000,373400
2025-09-24 09:33:35,492500,9360,6890,740000,543900,670000,285000,421799,234000,381900
2025-09-24 14:47:18,492500,9410,6930,750000,551250,670000,287000,427499,236000,381900
2025-09-25 09:45:09,499800,9390,6920,747000,549045,680000,286000,425789,235000,387600
2025-09-25 11:26:05,492500,9390,6920,747000,549045,670000,286000,425789,235000,381900
2025-09-25 15:01:08,488800,9390,6920,747000,549045,665000,286000,425789,235000,379100
2025-09-26 09:40:00,491000,9690,7140,751000,551985,668000,301000,428069,247000,380800
2025-09-27 08:55:02,491000,9990,7300,754000,554190,668000,306000,429779,251000,380800
2025-09-29 09:40:49,492500,10060,7350,756000,555660,670000,313000,430919,257000,381900
2025-09-29 14:37:26,499800,10090,7370,759000,557865,680000,314000,432629,258000,387600
2025-09-30 09:43:27,507200,10120,7390,767000,563745,690000,310000,437189,255000,393300
2025-09-30 09:45:29,507200,10120,7390,769000,565215,690000,310000,438329,255000,393300
2025-09-30 12:33:25,507200,10150,7410,773000,568155,690000,309000,440609,255000,393300
2025-09-30 14:10:55,512300,10180,7440,776000,570360,697000,310000,442319,255000,397300
2025-09-30 16:05:05,512300,10100,7380,773000,568155,697000,310000,440610,255000,397300
2025-09-30 16:14:30,512300,10100,7380,773000,568155,697000,310000,440609,255000,397300
2025-09-30 17:06:10,502800,10100,7380,773000,568155,684000,310000,440610,255000,389900
2025-09-30 17:06:45,503500,10100,7380,773000,568155,685000,310000,440610,255000,390500
2025-10-01 09:36:01,503500,10120,7390,777000,571095,685000,306000,442890,252000,390500
2025-10-01 09:37:38,503500,10130,7400,777000,571095,685000,306000,442890,252000,390500
2025-10-02 09:37:41,503500,10190,7440,774000,568890,685000,301000,441180,248000,390500
2025-10-03 09:36:08,505000,10150,7410,775000,569625,687000,305000,441750,251000,391600
2025-10-04 08:52:39,508700,10400,7600,782000,574770,692000,312000,445740,257000,394500
2025-10-06 09:42:54,510100,10430,7620,786000,577710,694000,315000,448020,259000,395600
2025-10-06 09:42:57,510100,10430,7620,786000,577710,694000,315000,448020,259000,395600
2025-10-06 18:31:20,510100,10600,7740,797000,585795,694000,316000,454290,260000,395600
2025-10-07 09:41:37,518200,10530,7690,800000,588000,705000,315000,456000,260000,401900
2025-10-07 09:49:58,517500,10510,7680,799000,587265,704000,314000,455430,259000,401300
2025-10-08 10:15:45,519000,10430,7620,808000,593880,706000,321000,460560,264000,402500
2025-10-08 10:18:17,518200,10430,7620,807000,593145,705000,321000,459990,264000,401900
2025-10-08 11:36:10,518200,10540,7700,812000,596820,705000,326000,462840,268000,401900
2025-10-08 14:14:15,518200,10620,7760,817000,600495,705000,325000,465690,267000,401900
2025-10-08 15:48:50,518200,10650,7780,819000,601965,705000,324000,466830,267000,401900
2025-10-09 09:37:24,520400,10670,7790,817000,600495,708000,325000,465690,267000,403600
2025-10-09 15:17:20,520400,10760,7860,819000,601965,708000,327000,466830,269000,403600
2025-10-10 09:33:02,518200,10830,7910,810000,595350,705000,319000,461700,263000,401900
2025-10-10 09:38:43,518200,10840,7920,810000,595350,705000,320000,461700,263000,401900
2025-10-10 11:25:05,518200,10860,7940,808000,593880,705000,318000,460560,262000,401900
2025-10-10 18:44:00,518200,11180,8170,813000,597555,705000,324000,463410,267000,401900
2025-10-11 08:38:50,520400,11070,8090,819000,601965,708000,314000,466830,258000,403600
2025-10-13 09:22:50,521900,11110,8110,822000,604170,710000,320000,468540,263000,404700
2025-10-13 11:21:05,521900,11160,8160,825000,606375,710000,322000,470250,265000,404700
2025-10-13 12:51:45,521900,11290,8250,828000,608580,710000,322000,471960,265000,404700
2025-10-13 17:18:10,521900,11310,8260,831000,610785,710000,325000,473670,268000,404700
2025-10-13 17:27:35,529200,11310,8260,831000,610785,720000,325000,473670,268000,410400
2025-10-14 09:17:51,540300,11520,8420,840000,617400,735000,326000,478800,268000,419000
2025-10-14 09:37:37,540300,11550,8440,842000,618870,735000,327000,479940,269000,419000
2025-10-14 10:39:00,540300,11600,8480,844000,620340,735000,327000,481080,269000,419000
2025-10-14 13:20:10,540300,11750,8580,851000,625485,735000,328000,485070,270000,419000
2025-10-14 16:20:40,540300,11470,8380,843000,619605,735000,325000,480510,268000,419000
2025-10-14 17:23:35,540300,11540,8430,847000,622545,735000,328000,482790,270000,419000
2025-10-15 09:24:13,543900,11430,8350,849000,624015,740000,323000,483930,266000,421800
2025-10-15 11:09:45,543900,11450,8370,852000,626220,740000,327000,485640,269000,421800
2025-10-15 11:09:55,551300,11450,8370,852000,626220,750000,327000,485640,269000,427500
2025-10-15 16:04:40,558600,11450,8370,852000,626220,760000,327000,485640,269000,433200
2025-10-15 17:09:55,558600,11540,8430,855000,628425,760000,327000,487350,269000,433200
2025-10-15 17:10:10,562300,11540,8430,855000,628425,765000,327000,487350,269000,436100
2025-10-16 09:43:40,566000,11570,8460,856000,629160,770000,327000,487920,269000,438900
2025-10-16 09:45:02,566000,11580,8460,856000,629160,770000,327000,487920,269000,438900
2025-10-16 09:46:48,566000,11580,8460,860000,632100,770000,327000,490200,269000,438900
2025-10-16 12:19:25,566000,11620,8490,863000,634305,770000,328000,491910,270000,438900
2025-10-17 08:31:41,580700,12130,8650,903000,663705,790000,336000,514710,277000,450300
2025-10-17 09:36:03,580700,12070,8610,903000,663705,790000,337000,514710,277000,450300
2025-10-17 13:15:20,580700,12170,8670,907000,666645,790000,336000,516990,276000,450300
2025-10-18 10:13:05,580700,12690,8670,931000,684285,790000,355000,530670,276000,450300
2025-10-18 10:14:01,580700,12170,8670,907000,666645,790000,336000,516990,276000,450300
2025-10-18 10:53:33,579200,11780,8500,904000,664440,788000,336000,515280,276000,449200
2025-10-18 13:25:38,579200,11780,8500,904000,664440,788000,327000,515280,276000,449200
2025-10-18 13:26:53,579200,11780,8500,904000,664440,788000,327000,515280,276000,449200
2025-10-18 13:29:21,579200,11780,8500,904000,664440,788000,322000,515280,276000,449200
2025-10-20 09:32:23,566000,11560,8220,894000,657090,770000,318000,509580,256000,438900
2025-10-21 09:19:12,568200,11790,8370,920000,676200,773000,330000,524400,266000,440700
2025-10-21 09:39:23,568200,11790,8370,920000,676200,773000,330000,524400,266000,440700
2025-10-21 09:39:58,568200,11760,8370,905000,665175,773000,323000,515850,266000,440700
2025-10-21 09:40:34,568200,11760,8370,906000,665910,773000,323000,516420,266000,440700
2025-10-21 09:42:27,568200,11730,8360,908000,667380,773000,323000,517560,266000,440700
2025-10-21 09:43:26,568200,11720,8350,907000,666645,773000,323000,516990,265000,440700
2025-10-22 09:54:02,568200,10950,8350,860000,632100,773000,303000,490200,265000,440700
2025-10-22 09:59:22,568200,10950,8350,859000,631365,773000,302000,489630,265000,440700
2025-10-22 10:00:31,568200,10970,8350,861000,632835,773000,303000,490770,265000,440700
2025-10-22 10:03:29,529200,10980,7740,863000,634305,720000,304000,491910,247000,410400
2025-10-22 13:02:25,529200,11170,7870,874000,642390,720000,307000,498180,250000,410400
2025-10-22 13:03:32,532200,11170,7880,873000,641655,724000,307000,497610,250000,412700
2025-10-22 13:04:12,532900,11170,7880,873000,641655,725000,307000,497610,250000,413300
2025-10-22 13:05:06,532900,11060,7880,863000,634305,725000,304000,491910,250000,413300
2025-10-22 15:38:45,532900,11120,7920,868000,637980,725000,304000,494760,250000,413300
2025-10-22 15:40:15,540300,11120,7920,868000,637980,735000,304000,494760,250000,419000
2025-10-23 09:46:23,536600,10920,7770,852000,626220,730000,315000,485640,259000,416100
2025-10-23 10:46:25,538100,10920,7770,852000,626220,732000,315000,485640,259000,417300
2025-10-23 12:37:30,538100,11040,7860,857000,629895,732000,320000,488490,264000,417300
2025-10-23 15:17:20,538100,11120,7920,865000,635775,732000,320000,493050,263000,417300
2025-10-24 09:35:10,538100,11080,7890,860000,632100,732000,325000,490200,267000,417300
2025-10-25 09:33:17,536600,11050,7870,860000,632100,730000,320000,490200,263000,416100
2025-10-27 09:38:28,529200,10900,7760,846000,621810,720000,317000,482220,261000,410400
2025-10-28 09:40:43,518200,10610,7550,821000,603435,705000,312000,467970,257000,401900
2025-10-28 11:25:00,507200,10610,7550,821000,603435,690000,312000,467970,257000,393300
2025-10-28 14:46:00,503500,10610,7550,821000,603435,685000,312000,467970,257000,390500
2025-10-28 16:04:40,496900,10610,7550,821000,603435,676000,312000,467970,257000,385400
2025-10-29 09:33:43,494700,10690,7610,813000,597555,673000,315000,463410,259000,383700
2025-10-29 16:33:30,494700,10850,7720,817000,600495,673000,315000,465690,259000,383700
2025-10-29 16:33:45,507200,10850,7720,817000,600495,690000,315000,465690,259000,393300
2025-10-29 17:20:45,507200,10900,7760,821000,603435,690000,318000,467970,262000,393300
2025-10-30 09:41:49,507200,10740,7640,801000,588735,690000,315000,456570,259000,393300
2025-10-30 11:37:35,499800,10740,7640,801000,588735,680000,315000,456570,259000,387600
2025-10-30 11:37:45,499800,10670,7600,799000,587265,680000,312000,455430,257000,387600
2025-10-30 12:15:00,499800,10640,7570,793000,582855,680000,311000,452010,256000,387600
2025-10-30 12:15:10,497600,10640,7570,793000,582855,677000,311000,452010,256000,385900
2025-10-30 13:36:45,505000,10640,7570,793000,582855,687000,311000,452010,256000,391600
2025-10-30 13:56:55,505000,10750,7650,804000,590940,687000,316000,458280,260000,391600
2025-10-30 17:26:30,505000,10760,7660,806000,592410,687000,315000,459420,260000,391600
2025-10-31 09:50:41,515300,11020,7840,818000,601230,701000,318000,466260,262000,399600
2025-10-31 09:54:23,514500,11020,7840,818000,601230,700000,318000,466260,262000,399000
2025-11-01 08:38:47,514500,11010,7840,815000,599025,700000,311000,464550,256000,399000
2025-11-03 10:31:01,514500,11000,7830,813000,597555,700000,314000,463410,258000,399000
2025-11-03 10:31:09,514500,11000,7830,813000,597555,700000,314000,463410,258000,399000
2025-11-04 09:40:46,521900,10860,7730,811000,596085,710000,310000,462270,255000,404700
2025-11-04 09:41:09,521900,10850,7730,811000,596085,710000,310000,462270,255000,404700
2025-11-04 12:33:15,521900,10910,7770,817000,600495,710000,313000,465690,257000,404700
2025-11-05 09:38:17,519700,10740,7650,805000,591675,707000,305000,458850,251000,403000
2025-11-05 11:18:45,519700,10780,7670,807000,593145,707000,307000,459990,252000,403000
2025-11-05 12:37:50,519700,10880,7750,809000,594615,707000,308000,461130,253000,403000
2025-11-05 14:13:45,519700,10910,7770,813000,597555,707000,308000,463410,254000,403000
2025-11-06 09:31:07,521900,10960,7800,812000,596820,710000,311000,462840,256000,404700
2025-11-06 12:38:05,521900,11010,7840,816000,599760,710000,312000,465120,257000,404700
2025-11-06 16:36:05,521900,11090,7890,821000,603435,710000,313000,467970,258000,404700
2025-11-07 09:29:42,525600,10850,7860,819000,601965,715000,309000,466830,254000,407600
2025-11-07 09:31:32,521900,10860,7860,819000,601965,710000,309000,466830,255000,404700
2025-11-07 11:16:40,521900,10920,7910,823000,604905,710000,310000,469110,255000,404700
2025-11-08 08:27:11,524100,10930,7910,824000,605640,713000,312000,469680,256000,406500
2025-11-10 09:54:30,525600,10960,7940,828000,608580,715000,314000,471960,258000,407600
2025-11-10 09:56:03,525600,10960,7940,828000,608580,715000,313000,471960,258000,407600
2025-11-10 11:11:25,525600,11010,7970,831000,610785,715000,314000,473670,258000,407600
2025-11-10 12:17:15,525600,11080,8020,833000,612255,715000,315000,474810,259000,407600
2025-11-10 15:06:15,525600,11140,8070,836000,614460,715000,316000,476520,260000,407600
2025-11-10 16:10:15,525600,11190,8110,838000,615930,715000,316000,477660,260000,407600
2025-11-11 09:48:07,529200,11480,8310,853000,626955,720000,320000,486210,263000,410400
2025-11-11 09:49:47,529200,11480,8320,853000,626955,720000,320000,486210,263000,410400
2025-11-11 09:50:07,529200,11480,8320,858000,630630,720000,320000,489060,263000,410400
2025-11-11 10:24:10,529200,11530,8350,860000,632100,720000,320000,490200,263000,410400
2025-11-11 12:10:00,529200,11540,8360,863000,634305,720000,320000,491910,263000,410400
2025-11-12 09:31:43,538800,11650,8440,862000,633570,733000,321000,491340,264000,417900
2025-11-12 14:44:20,538800,11630,8420,857000,629895,733000,320000,488490,263000,417900
2025-11-12 14:44:25,538800,11640,8430,857000,629895,733000,320000,488490,263000,417900
2025-11-12 14:44:30,538800,11640,8430,857000,629895,733000,320000,488490,263000,417900
2025-11-12 14:44:35,538800,11640,8430,857000,629895,733000,320000,488490,263000,417900
2025-11-12 14:44:55,538800,11630,8430,857000,629895,733000,320000,488490,263000,417900
2025-11-12 14:45:00,538800,11630,8420,857000,629895,733000,320000,488490,263000,417900
2025-11-12 14:45:05,538800,11630,8420,857000,629895,733000,320000,488490,263000,417900
2025-11-12 14:45:10,538800,11630,8420,857000,629895,733000,320000,488490,263000,417900
2025-11-12 14:45:15,538800,11630,8430,857000,629895,733000,320000,488490,263000,417900
2025-11-12 14:45:20,538800,11640,8430,857000,629895,733000,320000,488490,263000,417900
2025-11-12 14:45:25,538800,11630,8430,857000,629895,733000,320000,488490,264000,417900
2025-11-12 14:45:30,538800,11630,8420,857000,629895,733000,320000,488490,264000,417900
2025-11-12 14:45:35,538800,11630,8420,857000,629895,733000,320000,488490,263000,417900
2025-11-12 14:45:40,538800,11620,8420,857000,629895,733000,320000,488490,264000,417900
2025-11-12 14:45:45,538800,11620,8420,857000,629895,733000,320000,488490,264000,417900
2025-11-12 14:45:50,538800,11620,8420,857000,629895,733000,320000,488490,264000,417900
2025-11-12 14:45:55,538800,11620,8420,857000,629895,733000,320000,488490,263000,417900
2025-11-12 14:46:00,538800,11620,8420,857000,629895,733000,320000,488490,264000,417900
2025-11-12 14:46:05,538800,11630,8430,857000,629895,733000,320000,488490,264000,417900
2025-11-12 14:46:10,538800,11630,8430,857000,629895,733000,320000,488490,264000,417900
2025-11-12 14:46:15,538800,11630,8420,857000,629895,733000,320000,488490,263000,417900
2025-11-12 14:46:20,538800,11630,8420,857000,629895,733000,320000,488490,263000,417900
2025-11-12 14:46:25,538800,11620,8420,857000,629895,733000,320000,488490,264000,417900
2025-11-12 14:46:30,538800,11620,8420,857000,629895,733000,320000,488490,264000,417900
2025-11-12 14:46:35,538800,11630,8430,857000,629895,733000,320000,488490,264000,417900
2025-11-12 14:46:40,538800,11630,8420,857000,629895,733000,320000,488490,263000,417900
2025-11-12 14:46:45,538800,11620,8420,857000,629895,733000,320000,488490,263000,417900
2025-11-12 14:46:50,538800,11620,8420,857000,629895,733000,320000,488490,264000,417900
2025-11-12 14:46:55,538800,11620,8420,857000,629895,733000,320000,488490,264000,417900
2025-11-12 14:47:00,538800,11640,8430,857000,629895,733000,320000,488490,263000,417900
2025-11-12 14:47:05,538800,11630,8430,857000,629895,733000,320000,488490,264000,417900
2025-11-12 14:47:10,538800,11630,8420,857000,629895,733000,320000,488490,264000,417900
2025-11-12 14:47:15,538800,11640,8430,857000,629895,733000,320000,488490,264000,417900
2025-11-12 14:47:20,538800,11630,8430,857000,629895,733000,320000,488490,264000,417900
2025-11-12 14:47:25,538800,11640,8430,857000,629895,733000,320000,488490,263000,417900
2025-11-12 14:47:30,538800,11630,8430,857000,629895,733000,320000,488490,264000,417900
2025-11-12 14:47:35,538800,11630,8430,857000,629895,733000,320000,488490,263000,417900
2025-11-12 14:47:40,538800,11640,8430,857000,629895,733000,320000,488490,263000,417900
2025-11-12 14:47:45,538800,11630,8430,857000,629895,733000,320000,488490,263000,417900
2025-11-12 14:47:50,538800,11630,8420,857000,629895,733000,320000,488490,263000,417900
2025-11-12 14:47:55,538800,11630,8430,857000,629895,733000,320000,488490,263000,417900
2025-11-12 14:47:58,536600,11630,8420,857000,629895,730000,320000,488490,263000,416100
2025-11-12 15:40:20,536600,11710,8480,859000,631365,730000,321000,489630,264000,416100
2025-11-12 15:40:25,536600,11720,8490,859000,631365,730000,321000,489630,264000,416100
2025-11-12 15:40:30,536600,11710,8480,859000,631365,730000,321000,489630,264000,416100
2025-11-12 15:40:35,536600,11710,8480,859000,631365,730000,321000,489630,264000,416100
2025-11-12 15:40:40,536600,11720,8490,859000,631365,730000,321000,489630,264000,416100
2025-11-12 15:40:45,536600,11720,8490,859000,631365,730000,321000,489630,264000,416100
2025-11-12 15:40:50,536600,11710,8480,859000,631365,730000,321000,489630,264000,416100
2025-11-12 15:40:55,536600,11710,8480,859000,631365,730000,321000,489630,264000,416100
2025-11-12 15:41:00,536600,11710,8480,859000,631365,730000,321000,489630,264000,416100
2025-11-12 15:41:05,536600,11710,8480,859000,631365,730000,321000,489630,264000,416100
2025-11-12 15:43:17,536600,11720,8490,859000,631365,730000,320000,489630,264000,416100
2025-11-13 10:03:45,549100,12160,8810,880000,646800,747000,329000,501600,271000,425800
2025-11-13 10:05:37,549100,12150,8800,871000,640185,747000,330000,496470,271000,425800
2025-11-13 10:07:20,543900,12150,8800,870000,639450,740000,330000,495900,271000,421800
2025-11-13 17:39:15,543900,12340,8940,874000,642390,740000,329000,498180,271000,421800
2025-11-14 09:44:05,543900,11920,8640,860000,632100,740000,321000,490200,264000,421800
2025-11-14 09:44:55,543900,11920,8640,860000,632100,740000,321000,490200,264000,421800
2025-11-14 11:02:05,543900,12000,8690,862000,633570,740000,323000,491340,265000,421800
2025-11-14 11:30:25,543900,12050,8730,864000,635040,740000,323000,492480,266000,421800
2025-11-15 08:41:53,529200,11370,8230,833000,612255,720000,309000,474810,255000,410400
2025-11-17 09:29:11,536600,11480,8320,839000,616665,730000,310000,478230,255000,416100
2025-11-17 11:45:50,536600,11560,8370,841000,618135,730000,311000,479370,256000,416100
2025-11-18 09:24:32,534400,11310,8190,832000,611520,727000,311000,474240,256000,414400
2025-11-18 09:35:13,534400,11320,8200,833000,612255,727000,310000,474810,255000,414400
2025-11-18 14:01:04,529200,11290,8180,828000,608580,720000,308000,471960,254000,410400
2025-11-19 09:26:06,532900,11540,8360,840000,617400,725000,309000,478800,255000,413300
2025-11-19 14:34:20,532900,11680,8460,845000,621075,725000,313000,481650,258000,413300
2025-11-20 09:41:01,535100,11780,8540,849000,624015,728000,316000,483930,260000,415000
2025-11-20 11:35:11,534400,11610,8410,839000,616665,727000,316000,478230,260000,414400
2025-11-20 12:11:00,534400,11750,8510,844000,620340,727000,317000,481080,261000,414400
2025-11-20 12:12:35,534400,11740,8500,844000,620340,727000,317000,481080,261000,414400
2025-11-21 09:43:41,535100,11590,8400,846000,621810,728000,309000,482220,255000,415000
2025-11-21 09:44:39,534400,11600,8400,846000,621810,727000,310000,482220,255000,414400
2025-11-21 15:41:23,532200,11350,8220,838000,615930,724000,308000,477660,253000,412700
2025-11-22 08:38:47,532900,11420,8270,841000,618135,725000,307000,479370,253000,413300
2025-11-24 09:34:56,532900,11430,8280,842000,618870,725000,310000,479940,255000,413300
2025-11-25 09:28:36,538800,11730,8490,859000,631365,733000,315000,489630,259000,417900
2025-11-26 09:39:25,533700,11650,8440,850000,624750,726000,311000,484500,256000,413900
2025-11-26 17:01:37,538100,11890,8610,861000,632835,732000,318000,490770,262000,417300
2025-11-27 09:30:33,540300,12160,8810,860000,632100,735000,322000,490200,265000,419000
2025-11-27 12:14:31,537300,12160,8810,860000,632100,731000,322000,490200,265000,416700
2025-11-27 12:21:05,537300,12030,8710,856000,629160,731000,328000,487920,270000,416700
2025-11-28 09:20:37,538100,12140,8790,858000,630630,732000,326000,489060,268000,417300
2025-11-28 09:45:05,538800,12170,8820,862000,633570,733000,327000,491340,269000,417900
2025-11-29 08:44:01,544700,12920,9360,874000,642390,741000,339000,498180,279000,422400
2025-12-01 09:51:23,543200,13040,9450,873000,641655,739000,339000,497610,279000,421300
2025-12-01 10:00:32,543900,12940,9500,874000,642390,740000,339000,498180,279000,421800
2025-12-01 11:07:25,543900,12860,9520,878000,645330,740000,347000,500460,286000,421800
2025-12-01 11:10:04,543900,12840,9500,878000,645330,740000,345000,500460,284000,421800
2025-12-01 12:50:54,547600,12840,9500,878000,645330,745000,345000,500460,284000,424700
2025-12-02 09:48:47,546900,12860,9520,876000,643860,744000,338000,499320,278000,424100
2025-12-02 10:19:30,543900,12690,9390,872000,640920,740000,337000,497040,277000,421800
2025-12-03 09:39:31,542500,13000,9630,869000,638715,738000,331000,495330,273000,420700
2025-12-03 12:27:27,543900,13140,9730,874000,642390,740000,334000,498180,275000,421800
2025-12-03 15:49:54,542500,13140,9730,874000,642390,738000,334000,498180,275000,420700
2025-12-04 09:34:32,542500,13040,9650,870000,639450,738000,339000,495900,279000,420700
2025-12-05 09:40:43,542500,12760,9450,872000,640920,738000,334000,497040,274000,420700
2025-12-05 15:22:06,542500,13040,9650,874000,642390,738000,336000,498180,277000,420700
2025-12-06 08:36:29,542500,13050,9660,871000,640185,738000,335000,496470,276000,420700
2025-12-08 09:23:38,543900,13080,9680,870000,639450,740000,334000,495900,275000,421800
2025-12-08 09:42:08,544700,13080,9690,872000,640920,741000,335000,497040,276000,422400
2025-12-08 09:47:54,543900,13080,9680,871000,640185,740000,335000,496470,275000,421800
2025-12-09 09:27:39,543200,12980,9610,868000,637980,739000,336000,494760,277000,421300
2025-12-09 09:28:25,542500,12980,9610,868000,637980,738000,336000,494760,277000,420700
2025-12-09 09:29:41,543200,12980,9610,868000,637980,739000,336000,494760,276000,421300
2025-12-09 09:35:01,543200,12980,9610,868000,637980,739000,336000,494760,276000,421300
2025-12-09 09:35:40,542500,12980,9610,868000,637980,738000,336000,494760,276000,420700
2025-12-10 09:34:33,543200,13540,10030,870000,639450,739000,342000,495900,282000,421300
2025-12-10 09:35:47,543900,13540,10030,870000,639450,740000,342000,495900,282000,421800
2025-12-10 12:21:50,543900,13530,10100,872000,640920,740000,340000,497040,280000,421800
2025-12-11 09:23:06,546200,13730,10260,875000,643125,743000,337000,498750,277000,423600
2025-12-11 10:51:15,546200,13860,10350,876000,643860,743000,338000,499320,278000,423600
2025-12-11 12:15:20,546200,13750,10270,873000,641655,743000,337000,497610,278000,423600
2025-12-12 09:25:29,551300,14010,10460,886000,651210,750000,345000,505020,284000,427500
2025-12-12 15:33:20,551300,14150,10570,888000,652680,750000,347000,506160,286000,427500
2025-12-13 08:40:09,555000,13760,10280,893000,656355,755000,356000,509010,293000,430400
2025-12-15 09:42:06,555700,13780,10290,894000,657090,756000,357000,509580,294000,431000
2025-12-15 10:24:06,557900,13800,10310,897000,659295,759000,356000,511290,293000,432700
2025-12-15 12:39:40,557900,13930,10400,899000,660765,759000,356000,512430,293000,432700
2025-12-16 09:39:54,556400,14140,10560,892000,655620,757000,363000,508440,299000,431500
2025-12-16 12:42:23,555000,13830,10330,889000,653415,755000,369000,506730,303000,430400
2025-12-16 15:27:10,555000,14020,10470,891000,654885,755000,369000,507870,304000,430400
2025-12-17 09:38:47,556400,14210,10610,896000,658560,757000,376000,510720,310000,431500
2025-12-17 09:42:48,557200,14210,10610,896000,658560,758000,376000,510720,309000,432100
2025-12-17 11:15:40,557200,14540,10860,900000,661500,758000,388000,513000,319000,432100
2025-12-17 11:17:38,560100,14560,10870,901000,662235,762000,388000,513570,319000,434400
2025-12-18 09:42:28,560100,14750,11020,902000,662970,762000,398000,514140,323000,434400
2025-12-19 09:49:23,559400,14540,10860,900000,661500,761000,401000,513000,325000,433800
2025-12-19 09:50:28,559400,14540,10860,900000,661500,761000,401000,513000,326000,433800
2025-12-20 08:45:19,559400,14920,11140,901000,662235,761000,408000,513570,331000,433800
2025-12-22 09:41:39,560900,14980,11190,907000,666645,763000,412000,516990,334000,435000
2025-12-22 11:02:05,560900,15200,11360,911000,669585,763000,419000,519270,340000,435000
2025-12-22 12:15:35,562300,15320,11450,914000,671790,765000,426000,520980,346000,436100
2025-12-22 13:39:56,563100,15320,11450,914000,671790,766000,426000,520980,346000,436700
2025-12-22 17:16:10,563100,15330,11450,919000,675465,766000,427000,523830,347000,436700
2025-12-23 09:39:33,571900,15420,11520,932000,685020,778000,446000,531240,362000,443500
2025-12-23 10:40:12,578500,15470,11550,936000,687960,787000,443000,533520,360000,448600
2025-12-24 09:39:34,577800,16130,11840,932000,685020,786000,487000,531240,396000,448100
2025-12-24 09:40:15,577800,16130,11840,932000,685020,786000,487000,531240,396000,448100
2025-12-24 09:41:24,577800,16120,11830,931000,684285,786000,486000,530670,395000,448100
2025-12-24 10:13:52,574800,16080,11800,929000,682815,782000,479000,529530,389000,445800
2025-12-24 14:56:01,572600,16080,11800,929000,682815,779000,479000,529530,389000,444100
2025-12-25 08:08:20,570400,15950,11710,913000,671055,776000,450000,520410,365000,442400
2025-12-26 09:43:07,572600,16420,12050,921000,676935,779000,471000,524970,382000,444100
2025-12-26 09:43:33,573300,16430,12060,922000,677670,780000,469000,525540,381000,444600
2025-12-26 10:30:50,571100,16430,12060,922000,677670,777000,469000,525540,381000,442900
2025-12-26 11:08:23,567500,16440,12070,913000,671055,772000,471000,520410,382000,440100
2025-12-26 13:02:35,565300,16740,11970,908000,667380,769000,479000,517560,389000,438400
2025-12-26 13:03:24,566000,16740,11970,908000,667380,770000,479000,517560,389000,438900
2025-12-26 13:03:43,573300,16740,11970,908000,667380,780000,479000,517560,389000,444600
2025-12-26 13:09:48,564500,16740,11970,908000,667380,768000,479000,517560,389000,437800
2025-12-26 13:09:48,564500,16740,11970,908000,667380,768000,479000,517560,389000,437800
2025-12-26 15:53:35,564500,16950,12130,918000,674730,768000,493000,523260,401000,437800
2025-12-26 16:20:33,568200,16950,12130,918000,674730,773000,493000,523260,401000,440700
2025-12-27 08:04:55,571900,17930,12830,920000,676200,778000,495000,524400,402000,443500
2025-12-29 09:40:12,566000,17800,12730,908000,667380,770000,474000,517560,385000,438900
2025-12-29 12:37:19,569700,18170,13000,911000,669585,775000,490000,519270,398000,441800
2025-12-29 16:08:25,566000,18170,13000,911000,669585,770000,490000,519270,398000,438900
2025-12-30 09:45:04,551300,16380,11720,876000,643860,750000,428000,499320,348000,427500
2025-12-30 10:56:20,551300,16600,11880,881000,647535,750000,425000,502170,345000,427500
2025-12-30 12:44:18,556400,16800,12020,883000,649005,757000,428000,503310,348000,431500
2025-12-30 12:48:37,557200,16800,12020,883000,649005,758000,428000,503310,348000,432100
2025-12-30 15:34:53,560900,16960,12130,887000,651945,763000,435000,505590,353000,435000
2025-12-31 09:44:47,558600,16900,12090,883000,649005,760000,430000,503310,349000,433200
2025-12-31 10:22:14,560100,17040,12190,886000,651210,762000,430000,505020,349000,434400
2025-12-31 10:22:53,558600,17050,12200,886000,651210,760000,430000,505020,349000,433200
2025-12-31 11:13:33,562300,17110,12240,889000,653415,765000,431000,506730,349000,436100
2025-12-31 15:06:19,551300,16170,11570,874000,642390,750000,397000,498180,323000,427500
2025-12-31 16:41:05,551300,16420,11750,883000,649005,750000,402000,503310,326000,427500
2026-01-01 08:17:34,552800,16180,11580,879000,646065,752000,417000,501030,338000,428700
2026-01-01 08:19:43,551300,16180,11580,879000,646065,750000,417000,501030,338000,427500
2026-01-02 09:43:25,553500,16420,11740,883000,649005,753000,415000,503310,337000,429300
2026-01-02 17:19:15,553500,16910,12100,893000,656355,753000,431000,509010,350000,429300
2026-01-03 08:34:26,552800,16470,11780,880000,646800,752000,433000,501600,352000,428700
2026-01-05 09:55:16,560900,17420,12260,895000,657825,763000,455000,510150,369000,435000
2026-01-05 12:13:00,560900,17560,12350,901000,662235,763000,445000,513570,361000,435000
2026-01-05 12:21:06,564500,17560,12350,901000,662235,768000,445000,513570,361000,437800
2026-01-05 12:38:49,564500,17430,12260,899000,660765,768000,443000,512430,360000,437800
2026-01-06 09:40:34,570400,17640,12410,904000,664440,776000,458000,515280,372000,442400
2026-01-06 09:41:34,571100,17640,12410,904000,664440,777000,458000,515280,372000,442900
2026-01-06 11:43:05,571100,17940,12620,907000,666645,777000,470000,516990,382000,442900
2026-01-07 09:44:50,573300,19090,13430,917000,673995,780000,497000,522690,403000,444600
2026-01-07 13:33:09,571100,18440,12970,911000,669585,777000,477000,519270,388000,442900
2026-01-08 09:47:14,569700,17940,12620,907000,666645,775000,463000,516990,376000,441800
2026-01-08 09:48:03,570400,17990,12650,908000,667380,776000,464000,517560,376000,442400
2026-01-08 09:48:52,570400,17990,12650,908000,667380,776000,464000,517560,376000,442400
2026-01-08 09:48:58,570400,17980,12650,908000,667380,776000,462000,517560,375000,442400
2026-01-08 11:38:37,568900,18010,12670,906000,665910,774000,462000,516420,375000,441200
2026-01-08 11:41:12,567500,18010,12670,906000,665910,772000,462000,516420,375000,440100
2026-01-09 09:35:14,568200,17700,12450,913000,671055,773000,457000,520410,371000,440700
2026-01-09 09:36:18,568900,17700,12450,913000,671055,774000,457000,520410,371000,441200
2026-01-09 09:36:36,568900,17730,12480,914000,671790,774000,457000,520980,371000,441200
2026-01-09 14:44:01,568900,17900,12590,917000,673995,774000,458000,522690,372000,441200
2026-01-10 08:35:16,574100,18610,13090,926000,680610,781000,464000,527820,377000,445200
2026-01-12 09:50:34,577000,19440,13670,944000,693840,785000,484000,538080,393000,447500
2026-01-12 14:07:48,583600,19580,13770,946000,695310,794000,482000,539220,391000,452600
2026-01-12 14:59:10,583600,19800,13930,948000,696780,794000,486000,540360,395000,452600
2026-01-13 09:51:23,586600,19820,13940,952000,699720,798000,486000,542640,394000,454900
2026-01-14 09:47:57,591000,20800,14640,958000,704130,804000,487000,546060,396000,458300
2026-01-14 13:16:30,591000,21560,15170,964000,708540,804000,504000,549480,409000,458300
2026-01-15 09:46:21,590300,21660,15240,954000,701190,803000,486000,543780,395000,457800
2026-01-15 10:39:41,587300,21660,15240,954000,701190,799000,486000,543780,395000,455500
2026-01-16 09:54:06,591000,21340,15010,955000,701925,804000,491000,544350,399000,458300
2026-01-16 10:11:45,588800,21340,15010,955000,701925,801000,491000,544350,399000,456600
2026-01-17 08:18:17,586600,21160,14890,954000,701190,798000,481000,543780,390000,454900
2026-01-19 09:37:17,593200,21930,15430,971000,713685,807000,488000,553470,396000,460000
2026-01-20 09:50:28,600500,21960,15450,969000,712215,817000,489000,552330,397000,465700
2026-01-20 09:50:59,596100,21970,15450,969000,712215,811000,489000,552330,397000,462300
2026-01-20 10:42:18,599100,22150,15580,973000,715155,815000,488000,554610,396000,464600
2026-01-20 14:03:12,599100,22240,15640,977000,718095,815000,487000,556890,396000,464600
2026-01-20 14:31:21,601300,22240,15640,977000,718095,818000,487000,556890,396000,466300
2026-01-20 15:03:15,601300,22270,15670,981000,721035,818000,492000,559170,399000,466300
2026-01-21 09:46:37,606400,22500,15830,998000,733530,825000,514000,568860,417000,470300
2026-01-21 11:06:31,610800,22170,15600,1003000,737205,831000,506000,571710,411000,473700
2026-01-21 11:08:10,610100,22170,15600,1003000,737205,830000,506000,571710,411000,473100
2026-01-21 11:08:11,610100,22170,15600,1003000,737205,830000,506000,571710,411000,473100
2026-01-21 11:21:38,613800,22170,15600,1003000,737205,835000,506000,571710,411000,476000
2026-01-21 12:54:06,616700,22170,15600,1003000,737205,839000,506000,571710,411000,478300
2026-01-21 14:15:13,617400,22160,15590,1007000,740145,840000,503000,573990,408000,478800
2026-01-21 14:38:40,619700,22180,15610,1009000,741615,843000,505000,575130,410000,480600
2026-01-21 16:16:07,617400,22180,15610,1009000,741615,840000,505000,575130,410000,478800
2026-01-22 09:41:39,610100,21360,15030,989000,726915,830000,495000,563730,402000,473100
2026-01-22 10:51:56,613800,21660,15240,993000,729855,835000,498000,566010,405000,476000
2026-01-22 11:33:47,611600,21660,15240,993000,729855,832000,498000,566010,405000,474300
2026-01-22 15:44:10,611600,22060,15520,999000,734265,832000,506000,569430,411000,474300
2026-01-22 15:52:30,613800,22060,15520,999000,734265,835000,506000,569430,411000,476000
2026-01-23 09:48:48,621900,22690,15960,1024000,752640,846000,546000,583680,444000,482300
2026-01-23 11:17:38,629900,22690,15960,1024000,752640,857000,546000,583680,444000,488500
2026-01-23 12:38:49,627000,22690,15960,1024000,752640,853000,546000,583680,444000,486300
2026-01-23 16:15:30,627000,23170,16300,1025000,753375,853000,545000,584250,442000,486300
2026-01-24 07:52:58,621900,23780,16730,1015000,746025,846000,561000,578550,455000,482300
2026-01-26 09:44:36,632900,24670,17360,1031000,757785,861000,567000,587670,460000,490800
2026-01-26 12:09:39,636600,25040,17620,1032000,758520,866000,579000,588240,470000,493700
2026-01-26 14:16:30,630700,25040,17620,1032000,758520,858000,579000,588240,470000,489100
2026-01-26 16:18:00,635100,24820,17470,1034000,759990,864000,579000,589380,470000,492500
2026-01-27 09:48:29,635100,24790,17440,1028000,755580,864000,532000,585960,432000,492500
2026-01-27 09:56:26,634400,24440,17200,1028000,755580,863000,531000,585960,431000,492000
2026-01-27 10:49:58,634400,25460,17910,1034000,759990,863000,547000,589380,444000,492000
2026-01-27 15:04:56,634400,25420,17890,1037000,762195,863000,543000,591090,441000,492000
2026-01-28 09:58:21,638000,26020,18310,1044000,767340,868000,535000,595080,434000,494800
2026-01-28 12:19:59,646100,26240,18470,1054000,774690,879000,538000,600780,437000,501100
2026-01-28 13:46:30,643200,26240,18470,1054000,774690,875000,538000,600780,437000,498800
2026-01-28 17:41:46,649800,26080,18350,1065000,782775,884000,539000,607050,438000,503900
2026-01-28 17:43:03,649800,26090,18360,1064000,782040,884000,538000,606480,437000,503900
2026-01-29 09:51:30,659300,26890,18920,1108000,814380,897000,540000,631560,439000,511300
2026-01-29 10:45:59,665200,26960,18970,1114000,818790,905000,547000,634980,444000,515900
2026-01-29 10:46:56,666700,26930,18950,1115000,819525,907000,546000,635550,443000,517000
2026-01-29 10:47:51,666000,26930,18950,1115000,819525,906000,546000,635550,443000,516500
2026-01-29 10:59:25,678500,26930,18950,1115000,819525,923000,546000,635550,443000,526200
2026-01-29 12:09:54,682900,26930,18950,1115000,819525,929000,546000,635550,443000,529600
2026-01-29 15:19:48,686500,27310,19220,1121000,823935,934000,555000,638970,451000,532400
2026-01-30 09:51:53,679200,26950,18960,1094000,804090,924000,531000,623580,431000,526700
2026-01-30 09:54:21,678500,26950,18960,1094000,804090,923000,531000,623580,431000,526200
2026-01-30 10:12:05,671100,26950,18960,1094000,804090,913000,531000,623580,431000,520500
2026-01-30 10:53:54,671100,27410,18510,1082000,795270,913000,519000,616740,421000,520500
2026-01-30 11:13:01,660100,27410,18510,1082000,795270,898000,519000,616740,421000,511900
2026-01-30 11:24:00,643900,27410,18510,1082000,795270,876000,519000,616740,421000,499400
2026-01-30 11:41:35,643900,26640,17990,1058000,777630,876000,506000,603060,411000,499400
2026-01-30 11:45:51,643900,26730,18050,1061000,779835,876000,506000,604770,411000,499400
2026-01-30 13:55:47,649800,27150,17910,1054000,774690,884000,506000,600780,411000,503900
2026-01-30 14:40:26,654200,27460,18120,1059000,778365,890000,508000,603630,412000,507300
2026-01-30 16:00:21,652700,27460,18120,1059000,778365,888000,508000,603630,412000,506200
2026-01-30 17:15:03,646100,27460,18120,1059000,778365,879000,508000,603630,412000,501100
2026-01-30 17:18:30,646100,25930,17100,1047000,769545,879000,487000,596790,395000,501100
2026-01-30 17:39:53,635100,25930,17100,1047000,769545,864000,487000,596790,395000,492500
2026-01-31 08:08:12,613800,20960,13830,995000,731325,835000,441000,567150,358000,476000
2026-01-31 08:33:11,613800,21460,13830,995000,731325,835000,441000,567150,358000,476000
2026-01-31 08:51:54,613800,22760,13830,995000,731325,835000,441000,567150,358000,476000
2026-01-31 08:53:05,613800,22110,13830,995000,731325,835000,441000,567150,358000,476000
2026-01-31 08:57:08,627000,22110,13830,995000,731325,853000,441000,567150,358000,486300
2026-01-31 15:44:08,614500,22110,13830,995000,731325,836000,441000,567150,358000,476600
2026-02-02 09:46:43,614500,23460,14150,982000,721770,836000,432000,559740,351000,476600
2026-02-02 09:47:14,613800,23460,14150,982000,721770,835000,432000,559740,351000,476000
2026-02-02 09:50:45,613800,23240,14010,982000,721770,835000,433000,559740,352000,476000
2026-02-02 10:13:52,599100,23240,14010,982000,721770,815000,433000,559740,352000,464600
2026-02-02 10:33:02,591000,23240,14010,982000,721770,804000,433000,559740,352000,458300
2026-02-02 14:48:42,579200,23240,14010,982000,721770,788000,433000,559740,352000,449200
2026-02-02 15:15:55,579200,21500,12520,936000,687960,788000,402000,533520,327000,449200
2026-02-02 15:18:01,576300,21500,12520,936000,687960,784000,402000,533520,327000,446900
2026-02-02 15:22:55,573300,21500,12520,936000,687960,780000,402000,533520,327000,444600
2026-02-02 17:00:11,573300,21630,12600,943000,693105,780000,406000,537510,329000,444600
2026-02-03 09:56:03,599100,22360,13490,978000,718830,815000,444000,557460,361000,464600
2026-02-03 11:12:02,604200,22640,13660,982000,721770,822000,446000,559740,362000,468600
2026-02-03 15:39:50,612300,22930,13830,993000,729855,833000,445000,566010,361000,474900
2026-02-03 16:45:31,618900,23300,14050,998000,733530,842000,448000,568860,364000,480000
2026-02-03 17:43:01,618900,23640,14260,1006000,739410,842000,460000,573420,373000,480000
2026-02-04 09:52:47,630700,23180,13980,1023000,751905,858000,458000,583110,372000,489100
2026-02-04 09:56:52,630700,23280,14040,1027000,754845,858000,462000,585390,375000,489100
2026-02-04 10:21:36,630700,23510,14180,1030000,757050,858000,461000,587100,374000,489100
2026-02-04 11:08:00,630700,23780,14340,1034000,759990,858000,462000,589380,375000,489100
2026-02-04 14:01:47,641000,23830,14370,1038000,762930,872000,465000,591660,377000,497100
2026-02-05 09:49:57,641700,24550,14810,1033000,759255,873000,466000,588810,379000,497700
2026-02-05 10:23:20,629200,24550,14810,1033000,759255,856000,466000,588810,379000,488000
2026-02-05 10:52:12,629200,23980,14460,1026000,754110,856000,461000,584820,374000,488000
2026-02-05 12:04:55,615200,23980,14460,1026000,754110,837000,461000,584820,374000,477100
2026-02-05 12:43:35,615200,21040,12690,1006000,739410,837000,426000,573420,346000,477100
2026-02-05 14:51:35,615200,21090,12720,1012000,743820,837000,426000,576840,346000,477100
2026-02-05 15:14:15,615200,21670,13070,1016000,746760,837000,433000,579120,351000,477100
2026-02-06 09:51:20,606400,19070,11500,987000,725445,825000,399000,562590,324000,470300
2026-02-06 09:52:34,606400,19070,11500,987000,725445,825000,399000,562590,324000,470300
2026-02-06 11:09:56,606400,19410,11710,992000,729120,825000,392000,565440,318000,470300
2026-02-06 12:04:44,615200,19800,11940,1000000,735000,837000,395000,570000,320000,477100
2026-02-06 15:15:15,615200,20440,12330,1009000,741615,837000,412000,575130,334000,477100
2026-02-07 08:32:34,622600,21280,12830,1023000,751905,847000,431000,583110,350000,482800
2026-02-09 09:49:53,635800,21670,13070,1033000,759255,865000,436000,588810,354000,493100
2026-02-09 12:12:40,635800,22210,13400,1037000,762195,865000,430000,591090,349000,493100
2026-02-09 14:49:50,639500,22210,13400,1037000,762195,870000,430000,591090,349000,495900
2026-02-09 16:22:29,637300,22210,13400,1037000,762195,867000,430000,591090,349000,494200
2026-02-10 09:40:35,634400,22160,13370,1030000,757050,863000,425000,587100,345000,492000
2026-02-10 09:41:18,635100,22160,13370,1030000,757050,864000,425000,587100,345000,492500
2026-02-10 11:06:30,635100,22350,13480,1036000,761460,864000,433000,590520,351000,492500
2026-02-10 16:01:17,632900,22350,13480,1036000,761460,861000,433000,590520,351000,490800
2026-02-10 16:01:18,632900,22350,13480,1036000,761460,861000,433000,590520,351000,490800
2026-02-10 16:02:09,632900,22350,13480,1036000,761460,861000,433000,590520,351000,490800
2026-02-10 16:02:51,632100,22350,13480,1036000,761460,860000,433000,590520,351000,490200
2026-02-11 09:46:01,632100,22160,13360,1035000,760725,860000,430000,589950,349000,490200
2026-02-11 12:37:44,629900,22430,13530,1037000,762195,857000,437000,591090,355000,488500
2026-02-12 09:43:09,629900,22180,13380,1033000,759255,857000,429000,588810,348000,488500
2026-02-13 09:51:06,619700,20130,12140,1004000,737940,843000,408000,572280,332000,480600
2026-02-13 09:53:21,619700,20180,12170,1004000,737940,843000,409000,572280,332000,480600
2026-02-13 09:56:38,610800,20220,12190,1004000,737940,831000,408000,572280,331000,473700
2026-02-13 10:52:57,610800,20760,12520,1014000,745290,831000,411000,577980,333000,473700
2026-02-13 12:27:48,618200,20760,12520,1014000,745290,841000,411000,577980,333000,479400
2026-02-14 09:31:11,620400,20790,12540,1024000,752640,844000,417000,583680,338000,481100
2026-02-16 09:39:44,620400,20590,12410,1020000,749700,844000,415000,581400,337000,481100
2026-02-17 09:46:07,618200,20310,12250,1011000,743085,841000,409000,576270,332000,479400
2026-02-17 09:46:35,617400,20290,12230,1011000,743085,840000,409000,576270,332000,478800
2026-02-18 09:38:34,609400,19600,11820,992000,729120,829000,410000,565440,333000,472600
2026-02-18 12:06:05,609400,19950,12030,1000000,735000,829000,413000,570000,336000,472600
2026-02-18 16:14:50,609400,20380,12290,1005000,738675,829000,416000,572850,338000,472600
2026-02-19 09:45:43,621100,20750,12510,1015000,746025,845000,421000,578550,342000,481700
2026-02-19 10:58:00,625500,20750,12510,1015000,746025,851000,421000,578550,342000,485100
2026-02-19 11:00:04,625500,20900,12600,1017000,747495,851000,422000,579690,343000,485100
2026-02-19 13:56:42,628500,20900,12600,1017000,747495,855000,422000,579690,343000,487400
2026-02-19 14:33:15,628500,21070,12710,1021000,750435,855000,421000,581970,342000,487400
2026-02-20 09:42:21,629900,21160,12760,1020000,749700,857000,422000,581400,342000,488500
2026-02-20 09:42:56,629200,21160,12760,1020000,749700,856000,422000,581400,342000,488000
2026-02-20 09:42:57,629200,21160,12760,1020000,749700,856000,422000,581400,342000,488000
2026-02-20 15:41:10,629200,21260,12820,1024000,752640,856000,423000,583680,343000,488000
2026-02-20 17:57:50,629200,21570,13010,1027000,754845,856000,428000,585390,347000,488000
2026-02-21 08:34:55,634400,22820,13760,1040000,764400,863000,437000,592800,355000,492000
2026-02-23 09:59:51,639500,23140,13960,1045000,768075,870000,439000,595650,357000,495900
2026-02-23 10:00:58,640200,23140,13960,1045000,768075,871000,439000,595650,357000,496500
2026-02-23 10:00:58,640200,23140,13960,1045000,768075,871000,439000,595650,357000,496500
2026-02-23 12:45:39,643900,23470,14150,1052000,773220,876000,440000,599640,357000,499400
2026-02-23 16:21:59,638800,23470,14150,1052000,773220,869000,440000,599640,357000,495400
2026-02-23 16:37:05,638800,22930,13830,1042000,765870,869000,433000,593940,351000,495400
2026-02-24 09:51:50,646100,23650,14260,1065000,782775,879000,436000,607050,354000,501100
2026-02-24 09:52:25,645400,23650,14260,1065000,782775,878000,436000,607050,354000,500500
2026-02-24 10:39:43,638000,23650,14260,1065000,782775,868000,436000,607050,354000,494800
2026-02-24 16:20:16,627700,23770,14340,1054000,774690,854000,437000,600780,355000,486800
2026-02-24 17:21:30,632900,23770,14340,1054000,774690,861000,437000,600780,355000,490800
2026-02-25 09:48:27,632900,23400,14110,1045000,768075,861000,439000,595650,356000,490800
2026-02-25 12:36:45,632900,23930,14430,1049000,771015,861000,450000,597930,365000,490800
2026-02-26 09:46:13,632900,23650,14270,1041000,765135,861000,459000,593370,373000,490800
2026-02-27 09:56:24,633600,23690,14290,1047000,769545,862000,456000,596790,370000,491400
2026-02-27 15:44:10,633600,24160,14570,1052000,773220,862000,483000,599640,393000,491400
2026-02-28 09:08:56,639500,24770,14940,1063000,781305,870000,477000,605910,370000,495900
2026-03-02 09:35:53,652000,25730,15520,1100000,808500,887000,487000,627000,395000,505600
2026-03-03 09:47:05,661500,24540,15010,1105000,812175,900000,475000,629850,385000,513000
2026-03-03 16:03:51,661500,22640,14060,1096000,805560,900000,452000,624720,367000,513000
2026-03-03 16:12:22,658600,22640,14060,1096000,805560,896000,452000,624720,367000,510800
2026-03-03 17:08:01,658600,23250,14440,1104000,811440,896000,457000,629280,371000,510800
2026-03-04 09:48:22,644600,21750,13810,1069000,785715,877000,436000,609330,354000,499900
2026-03-04 13:00:20,644600,22190,14090,1076000,790860,877000,441000,613320,358000,499900
2026-03-04 13:01:40,644600,22190,14090,1076000,790860,877000,441000,613320,358000,499900
2026-03-05 09:55:49,639500,21720,13790,1063000,781305,870000,448000,605910,364000,495900
2026-03-05 09:56:26,640200,21720,13790,1063000,781305,871000,448000,605910,364000,496500
2026-03-05 11:03:11,642400,21570,13900,1067000,784245,874000,449000,608190,364000,498200
2026-03-05 12:25:38,643900,21710,13990,1071000,787185,876000,449000,610470,364000,499400
2026-03-05 16:52:50,643900,21220,13780,1066000,783510,876000,443000,607620,360000,499400
2026-03-05 16:53:40,643900,21220,13780,1066000,783510,876000,443000,607620,360000,499400
2026-03-06 09:53:16,637300,20800,13720,1060000,779100,867000,441000,604200,358000,494200
2026-03-06 11:13:49,640200,21110,13920,1068000,784980,871000,444000,608760,360000,496500
2026-03-06 17:00:16,641700,21180,13970,1060000,779100,873000,445000,604200,361000,497700
2026-03-07 08:26:08,647600,21310,14060,1080000,793800,881000,444000,615600,361000,502200
2026-03-09 09:40:11,642400,19960,13700,1064000,782040,874000,431000,606480,350000,498200
2026-03-09 11:05:44,642400,19800,13590,1068000,784980,874000,427000,608760,347000,498200
2026-03-09 12:41:41,642400,20310,13940,1072000,787920,874000,439000,611040,356000,498200
2026-03-09 15:18:33,645400,20710,14220,1077000,791595,878000,447000,613890,363000,500500
2026-03-10 09:30:45,643200,20780,14380,1063000,781305,875000,445000,605910,361000,498800
2026-03-10 10:07:21,645400,20780,14380,1063000,781305,878000,445000,605910,361000,500500
2026-03-10 10:29:45,645400,21250,14700,1070000,786450,878000,451000,609900,366000,500500
2026-03-10 11:22:45,645400,21350,14780,1073000,788655,878000,454000,611610,369000,500500
2026-03-10 12:36:48,650500,21350,14780,1073000,788655,885000,454000,611610,369000,504500
2026-03-11 09:34:57,651300,20790,14630,1077000,791595,886000,456000,613890,370000,505100
2026-03-11 12:45:00,652000,20790,14630,1077000,791595,887000,456000,613890,370000,505600
2026-03-11 12:45:01,652000,20790,14630,1077000,791595,887000,456000,613890,370000,505600
2026-03-11 15:04:28,649100,20500,14420,1073000,788655,883000,449000,611610,364000,503400
2026-03-12 09:46:01,641700,19720,14230,1075000,790125,873000,449000,612750,364000,497700
2026-03-12 13:37:25,645400,19720,14230,1075000,790125,878000,449000,612750,364000,500500
2026-03-12 15:42:55,646800,19940,14380,1079000,793065,880000,452000,615030,367000,501600
2026-03-13 09:38:29,641700,19330,14190,1072000,787920,873000,449000,611040,364000,497700
2026-03-13 10:42:56,645400,19330,14190,1072000,787920,878000,449000,611040,364000,500500
2026-03-13 14:42:41,641700,19330,14190,1072000,787920,873000,449000,611040,364000,497700
2026-03-14 08:55:18,637300,18520,13590,1062000,780570,867000,426000,605340,346000,494200
2026-03-16 09:44:57,634400,18760,13660,1058000,777630,863000,429000,603060,348000,492000
2026-03-17 09:46:51,634400,18060,13490,1052000,773220,863000,442000,599640,359000,492000
2026-03-17 11:13:11,636600,18220,13610,1056000,776160,866000,447000,601920,363000,493700
2026-03-18 09:41:08,636600,17430,13250,1049000,771015,866000,443000,597930,360000,493700
2026-03-18 14:09:42,632100,17370,13210,1045000,768075,860000,439000,595650,356000,490200
2026-03-18 15:58:01,635800,17480,13290,1048000,770280,865000,440000,597360,357000,493100
2026-03-18 15:58:46,636600,17480,13290,1048000,770280,866000,440000,597360,357000,493700
2026-03-19 09:39:44,627000,16750,12910,1024000,752640,853000,430000,583680,349000,486300
2026-03-19 12:05:43,617400,16750,12910,1024000,752640,840000,430000,583680,349000,478800
2026-03-19 13:13:14,623300,16750,12910,1024000,752640,848000,430000,583680,349000,483400
2026-03-19 17:16:08,613800,15600,12030,998000,733530,835000,410000,568860,333000,476000
2026-03-19 17:23:03,613000,15680,12080,1001000,735735,834000,410000,570570,333000,475400
2026-03-19 17:23:29,612300,15680,12080,1001000,735735,833000,410000,570570,333000,474900
2026-03-19 17:53:05,608600,15680,12080,1001000,735735,828000,410000,570570,333000,472000
2026-03-20 09:45:04,593200,15820,12190,977000,718095,807000,411000,556890,334000,460000
2026-03-20 11:16:20,593200,16110,12420,988000,726180,807000,421000,563160,341000,460000
2026-03-20 11:53:51,601300,16110,12420,988000,726180,818000,421000,563160,341000,466300
2026-03-20 12:11:20,601300,16140,12440,995000,731325,818000,423000,567150,343000,466300
2026-03-20 12:50:56,612300,16200,12490,997000,732795,833000,423000,568290,343000,474900
2026-03-20 14:02:23,609400,16200,12490,997000,732795,829000,423000,568290,343000,472600
2026-03-20 16:11:25,609400,15660,12070,987000,725445,829000,416000,562590,338000,472600
2026-03-20 17:20:46,609400,15960,12310,995000,731325,829000,422000,567150,342000,472600
2026-03-21 08:38:25,588800,15440,11900,975000,716625,801000,414000,555750,336000,456600
2026-03-23 10:48:00,580700,14810,11420,942000,692370,790000,401000,536940,326000,450300
2026-03-23 11:37:28,575600,14810,11420,942000,692370,783000,401000,536940,326000,446400
2026-03-23 12:17:22,575600,14310,11030,926000,680610,783000,393000,527820,319000,446400
2026-03-23 15:02:35,573300,14310,11030,926000,680610,780000,393000,527820,319000,444600
2026-03-23 15:24:23,566000,14310,11030,926000,680610,770000,393000,527820,319000,438900
2026-03-23 15:52:32,558600,14310,11030,926000,680610,760000,393000,527820,319000,433200
2026-03-23 16:11:56,549800,13680,10550,885000,650475,748000,380000,504450,308000,426400
2026-03-23 16:37:18,546200,13680,10550,885000,650475,743000,380000,504450,308000,423600
2026-03-23 16:42:50,546200,13950,10750,894000,657090,743000,380000,509580,308000,423600
2026-03-23 16:50:10,546200,14020,10810,899000,660765,743000,382000,512430,310000,423600
2026-03-23 17:36:31,546200,14270,11000,907000,666645,743000,383000,516990,311000,423600
2026-03-24 09:47:47,567500,14870,11460,922000,677670,772000,393000,525540,319000,440100
2026-03-24 16:06:10,567500,15110,11650,927000,681345,772000,394000,528390,320000,440100
2026-03-25 09:49:13,586600,15990,12500,961000,706335,798000,415000,547770,337000,454900
2026-03-25 10:46:29,593200,15900,12430,965000,709275,807000,417000,550050,339000,460000
2026-03-26 09:49:56,595400,15580,12180,963000,707805,810000,410000,548910,333000,461700
2026-03-26 14:54:20,595400,15190,11870,948000,696780,810000,400000,540360,325000,461700
2026-03-26 14:55:12,590300,15190,11870,948000,696780,803000,400000,540360,325000,457800
2026-03-26 17:41:03,588000,15190,11870,948000,696780,800000,400000,540360,325000,456000
2026-03-27 09:46:32,577800,14740,11520,934000,686490,786000,384000,532380,312000,448100
2026-03-27 11:08:49,580000,14910,11650,940000,690900,789000,394000,535800,320000,449800
2026-03-27 13:38:50,588000,15060,11770,943000,693105,800000,399000,537510,324000,456000
2026-03-27 14:55:50,588000,15120,11820,947000,696045,800000,400000,539790,325000,456000
2026-03-28 08:43:18,589500,15180,11860,955000,701925,802000,394000,544350,320000,457200
2026-03-30 09:44:19,593200,14470,11630,946000,695310,807000,390000,539220,316000,460000
2026-03-30 10:51:30,593200,14530,11680,953000,700455,807000,398000,543210,323000,460000
2026-03-30 12:15:58,595400,14840,11930,959000,704865,810000,404000,546630,328000,461700
2026-03-30 15:04:23,599800,14970,12030,966000,710010,816000,409000,550620,332000,465200
2026-03-30 15:05:28,599100,14970,12030,966000,710010,815000,409000,550620,332000,464600
2026-03-30 16:51:24,602700,14940,12010,968000,711480,820000,409000,551760,332000,467400
2026-03-31 09:39:27,599100,14980,12050,975000,716625,815000,405000,555750,329000,464600
2026-03-31 10:36:07,607200,15500,12460,984000,723240,826000,413000,560880,336000,470900
2026-04-01 09:44:35,610100,15770,12670,999000,734265,830000,418000,569430,340000,473100
2026-04-01 17:17:15,610100,15620,12560,1002000,736470,830000,414000,571140,336000,473100
2026-04-02 09:37:58,620400,15980,12840,1021000,750435,844000,418000,581970,340000,481100
2026-04-02 10:38:19,614500,15470,12440,1005000,738675,836000,412000,572850,334000,476600
2026-04-02 10:39:07,613800,15470,12440,1005000,738675,835000,412000,572850,334000,476000
2026-04-02 14:59:44,608600,15050,12100,986000,724710,828000,404000,562020,328000,472000
2026-04-02 15:17:20,605700,15050,12100,986000,724710,824000,404000,562020,328000,469700
2026-04-02 15:17:22,605700,15050,12100,986000,724710,824000,404000,562020,328000,469700
2026-04-03 09:43:48,605700,15760,12670,993000,729855,824000,420000,566010,341000,469700
2026-04-03 11:27:20,605700,15810,12710,995000,731325,824000,421000,567150,342000,469700
2026-04-03 12:39:48,609400,15810,12710,995000,731325,829000,421000,567150,342000,472600
2026-04-04 08:45:18,609400,15810,12710,996000,732060,829000,421000,567720,342000,472600
2026-04-06 09:41:14,601300,15260,12260,982000,721770,818000,419000,559740,340000,466300
2026-04-06 11:28:04,606400,15340,12330,989000,726915,825000,419000,563730,340000,470300
2026-04-06 11:29:30,605700,15340,12330,989000,726915,824000,419000,563730,340000,469700
2026-04-06 17:42:35,605700,15320,12310,992000,729120,824000,420000,565440,341000,469700
2026-04-07 09:41:52,605700,15380,12370,990000,727650,824000,419000,564300,340000,469700
2026-04-08 09:34:47,612300,15590,12650,1004000,737940,833000,419000,572280,340000,474900
2026-04-09 09:44:13,605000,15020,12310,984000,723240,823000,422000,560880,342000,469200
2026-04-10 09:45:54,610100,15290,12470,991000,728385,830000,432000,564870,351000,473100
2026-04-10 12:48:40,610100,15480,12620,994000,730590,830000,429000,566580,348000,473100
2026-04-11 09:13:13,612300,15350,12660,994000,730590,833000,425000,566580,345000,474900
2026-04-11 09:17:10,608600,15350,12660,994000,730590,828000,425000,566580,345000,472000
2026-04-13 09:38:39,606400,15040,12410,985000,723975,825000,421000,561450,342000,470300
2026-04-13 10:18:25,606400,15100,12450,989000,726915,825000,425000,563730,345000,470300
2026-04-13 11:34:06,610100,15100,12460,992000,729120,830000,426000,565440,346000,473100
2026-04-13 11:36:05,609400,15100,12460,992000,729120,829000,426000,565440,346000,472600
2026-04-14 09:30:56,610100,15290,12620,993000,729855,830000,432000,566010,351000,473100
2026-04-14 10:52:14,611600,15340,12660,997000,732795,832000,432000,568290,350000,474300
2026-04-14 10:53:42,610800,15340,12660,997000,732795,831000,432000,568290,350000,473700
2026-04-15 09:40:04,616000,15880,13150,1003000,737205,838000,433000,571710,351000,477700
2026-04-15 11:13:56,616000,16140,13370,1006000,739410,838000,442000,573420,359000,477700
2026-04-16 09:50:54,616000,16030,13280,1005000,738675,838000,442000,572850,358000,477700
2026-04-16 13:11:15,616000,16020,13270,999000,734265,838000,440000,569430,357000,477700
2026-04-16 13:13:41,615200,16030,13270,1000000,735000,837000,440000,570000,357000,477100
2026-04-16 15:47:50,615200,16060,13300,1002000,736470,837000,441000,571140,358000,477100
2026-04-17 09:32:52,615200,15800,13090,1000000,735000,837000,434000,570000,352000,477100
2026-04-17 09:39:32,614500,15800,13090,1000000,735000,836000,434000,570000,352000,476600
2026-04-17 09:39:33,614500,15800,13090,1000000,735000,836000,434000,570000,352000,476600
2026-04-17 10:33:00,613000,15800,13090,1000000,735000,834000,434000,570000,352000,475400
2026-04-18 08:39:18,613000,16080,13320,999000,734265,834000,432000,569430,351000,475400
2026-04-18 09:36:14,613000,16240,13320,999000,734265,834000,432000,569430,351000,475400
2026-04-20 09:48:21,608600,16050,13160,990000,727650,828000,432000,564300,351000,472000
2026-04-20 10:27:24,613000,16200,13280,998000,733530,834000,433000,568860,352000,475400
2026-04-21 09:36:40,616000,16060,13170,1000000,735000,838000,430000,570000,349000,477700
2026-04-21 09:37:07,615200,16060,13170,1000000,735000,837000,430000,570000,349000,477100
2026-04-21 11:33:34,613000,15990,13120,996000,732060,834000,428000,567720,347000,475400
2026-04-21 11:33:58,613800,15990,13120,996000,732060,835000,428000,567720,347000,476000
2026-04-21 13:57:19,610800,15900,13040,993000,729855,831000,427000,566010,347000,473700
2026-04-21 13:57:58,611600,15900,13040,993000,729855,832000,427000,566010,347000,474300
2026-04-21 15:43:44,609400,15890,13030,989000,726915,829000,427000,563730,347000,472600
2026-04-22 09:56:15,607200,15660,12840,986000,724710,826000,425000,562020,345000,470900
2026-04-22 09:56:19,607900,15670,12850,987000,725445,827000,425000,562590,345000,471400
2026-04-22 11:13:25,610800,15770,12940,991000,728385,831000,429000,564870,348000,473700
2026-04-22 11:13:49,610100,15770,12940,991000,728385,830000,429000,564870,348000,473100
2026-04-22 12:50:21,610100,15850,13000,993000,729855,830000,430000,566010,349000,473100
2026-04-23 09:38:36,607200,15790,12950,988000,726180,826000,429000,563160,349000,470900
2026-04-23 12:08:16,605700,15790,12950,988000,726180,824000,429000,563160,349000,469700
2026-04-24 09:32:26,605000,15390,12630,983000,722505,823000,419000,560310,340000,469200
2026-04-24 11:29:21,602000,15390,12630,983000,722505,819000,419000,560310,340000,466900
2026-04-24 13:27:11,599800,15190,12460,974000,715890,816000,413000,555180,335000,465200
2026-04-24 14:03:27,599100,15230,12500,976000,717360,815000,413000,556320,335000,464600
2026-04-24 14:04:43,599800,15230,12500,976000,717360,816000,413000,556320,335000,465200
2026-04-25 08:33:41,602700,15310,12560,980000,720300,820000,416000,558600,338000,467400
2026-04-27 09:40:09,599800,15180,12450,974000,715890,816000,413000,555180,335000,465200
2026-04-27 10:07:30,599800,15290,12540,977000,718095,816000,414000,556890,336000,465200
2026-04-27 13:16:13,603500,15400,12630,980000,720300,821000,416000,558600,338000,468000
2026-04-27 15:32:03,602000,15400,12630,980000,720300,819000,416000,558600,338000,466900
2026-04-28 09:38:16,600500,15330,12570,975000,716625,817000,412000,555750,335000,465700
2026-04-28 12:50:27,596900,15330,12570,975000,716625,812000,412000,555750,335000,462900
2026-04-28 14:48:42,591700,14800,12140,960000,705600,805000,403000,547200,327000,458900
2026-04-29 09:38:21,588000,14770,12110,955000,701925,800000,401000,544350,326000,456000
2026-04-29 11:30:51,588000,14910,12230,957000,703395,800000,400000,545490,324000,456000
2026-04-29 16:46:23,585800,14800,12140,952000,699720,797000,400000,542640,325000,454300
2026-04-30 09:34:35,587300,14680,12040,955000,701925,799000,395000,544350,320000,455500
2026-04-30 10:44:39,590300,14830,12160,959000,704865,803000,399000,546630,324000,457800
2026-04-30 12:44:53,587300,14650,12020,954000,701190,799000,397000,543780,322000,455500
2026-04-30 13:56:31,587300,14650,12020,954000,701190,799000,397000,543780,322000,455500
2026-04-30 13:56:51,585800,14650,12020,954000,701190,797000,397000,543780,322000,454300
2026-04-30 16:01:40,585800,14840,12170,961000,706335,797000,402000,547770,326000,454300
2026-05-01 09:42:21,588000,15000,12310,960000,705600,800000,410000,547200,333000,456000
2026-05-01 15:50:54,585100,15000,12310,960000,705600,796000,410000,547200,333000,453800
2026-05-02 07:18:26,585100,15190,12460,957000,703395,796000,410000,545490,333000,453800
2026-05-04 09:42:28,583600,15210,12470,955000,701925,794000,411000,544350,334000,452600
2026-05-04 09:44:58,584400,15210,12470,955000,701925,795000,411000,544350,334000,453200
2026-05-04 15:47:16,583600,15210,12470,955000,701925,794000,411000,544350,334000,452600
2026-05-05 09:38:48,577000,14710,12060,941000,691635,785000,403000,536370,327000,447500
2026-05-05 10:34:54,577000,14700,12060,944000,693840,785000,404000,538080,328000,447500
2026-05-05 15:05:10,577000,14790,12130,945000,694575,785000,408000,538650,332000,447500
2026-05-05 16:36:55,577000,14890,12210,947000,696045,785000,411000,539790,334000,447500
2026-05-06 09:53:12,582900,14800,12140,947000,696045,793000,403000,539790,327000,452100
2026-05-06 10:44:40,582900,14940,12260,949000,697515,793000,404000,540930,328000,452100
2026-05-06 14:37:16,587300,15050,12340,953000,700455,799000,407000,543210,330000,455500
2026-05-06 15:56:05,587300,15110,12390,957000,703395,799000,407000,545490,330000,455500
2026-05-07 09:48:09,590300,15340,12580,959000,704865,803000,420000,546630,341000,457800
2026-05-07 09:48:53,589500,15340,12580,959000,704865,802000,420000,546630,341000,457200
2026-05-07 11:04:42,592500,15510,12730,963000,707805,806000,421000,548910,341000,459500
2026-05-07 15:46:55,592500,15660,12850,969000,712215,806000,421000,552330,342000,459500
2026-05-08 09:40:22,596100,15850,13000,970000,712950,811000,416000,552900,338000,462300
2026-05-08 11:12:06,599800,16050,13170,975000,716625,816000,420000,555750,341000,465200
2026-05-08 15:19:15,599800,16190,13280,978000,718830,816000,424000,557460,344000,465200
2026-05-09 08:36:13,598300,16090,13200,971000,713685,814000,421000,553470,342000,464000
2026-05-11 09:44:42,596900,16150,13240,970000,712950,812000,419000,552900,340000,462900
2026-05-11 10:39:43,599100,16290,13360,975000,716625,815000,421000,555750,342000,464600
2026-05-11 14:58:19,595400,16160,13250,968000,711480,810000,420000,551760,341000,461700
2026-05-12 09:49:40,601300,17510,14360,993000,729855,818000,441000,566010,358000,466300
2026-05-12 09:50:52,602000,17510,14360,993000,729855,819000,441000,566010,358000,466900
2026-05-12 11:13:11,603500,17510,14360,993000,729855,821000,441000,566010,358000,468000
2026-05-12 14:18:15,603500,17430,14300,987000,725445,821000,434000,562590,352000,468000
2026-05-13 09:39:54,605000,17920,14700,995000,731325,823000,445000,567150,361000,469200
2026-05-13 14:36:02,603500,17590,14430,988000,726180,821000,440000,563160,357000,468000
2026-05-14 09:35:59,602000,18010,14630,986000,724710,819000,449000,562020,364000,466900
2026-05-14 09:42:19,600500,18000,14620,985000,723975,817000,448000,561450,364000,465700
2026-05-14 09:43:04,600500,18010,14630,985000,723975,817000,448000,561450,364000,465700
2026-05-14 13:42:00,600500,17980,14610,990000,727650,817000,447000,564300,363000,465700
2026-05-14 13:45:05,603500,17970,14600,989000,726915,821000,447000,563730,363000,468000
2026-05-14 17:01:48,602000,18000,14620,988000,726180,819000,445000,563160,361000,466900
2026-05-15 09:49:11,599100,17060,13860,977000,718095,815000,430000,556890,349000,464600
2026-05-15 11:37:09,595400,16840,13680,975000,716625,810000,424000,555750,345000,461700
